{"cameraMode":{"drawMode":0,"name":"Shaded","section":"Shading Mode"},"sceneLighting":false,"audioPlay":false,"sceneViewState":{"m_AlwaysRefresh":false,"showFog":true,"showSkybox":true,"showFlares":true,"showImageEffects":true,"showParticleSystems":true,"showVisualEffectGraphs":true,"m_FxEnabled":true},"in2DMode":false,"pivot":{"x":-3.5726699829101564,"y":12.48423957824707,"z":12.226184844970704},"rotation":{"x":-0.024003269150853158,"y":-0.9044061899185181,"z":0.4229055941104889,"w":-0.051340363919734958},"size":17.430381774902345,"orthographic":true}